,precision,recall,f1-score,support
0,0.2857142857142857,1.0,0.4444444444444444,2.0
1,0.6956521739130435,0.7441860465116279,0.7191011235955056,43.0
2,0.8,0.8,0.8,5.0
3,0.6666666666666666,0.5,0.5714285714285714,4.0
4,0.0,0.0,0.0,1.0
5,0.0,0.0,0.0,2.0
6,0.36363636363636365,0.6666666666666666,0.47058823529411764,6.0
7,0.125,1.0,0.2222222222222222,1.0
8,0.6470588235294118,0.3055555555555556,0.41509433962264153,36.0
9,0.9333333333333333,0.8235294117647058,0.875,17.0
10,0.0,0.0,0.0,14.0
11,0.5625,1.0,0.72,9.0
12,0.625,0.7142857142857143,0.6666666666666666,7.0
13,1.0,0.75,0.8571428571428571,8.0
14,0.0,0.0,0.0,1.0
15,0.8285714285714286,0.8787878787878788,0.8529411764705882,33.0
16,0.0,0.0,0.0,1.0
17,1.0,0.2222222222222222,0.36363636363636365,9.0
19,0.0,0.0,0.0,1.0
accuracy,0.605,0.605,0.605,0.605
macro avg,0.4491122671244491,0.49501228925233526,0.4199087368696831,200.0
weighted avg,0.6619954917737846,0.605,0.6019184748483907,200.0
